iter,cost
0,196.6147463035263
1,0.1660248776539227
2,0.05591511423577707
3,0.05591511423577707
4,0.05591511423577707
5,0.05591511423577707
6,0.05591511423577707
