iter,cost
0,0.393126264703848
1,0.24172534000389784
2,0.21419789914936138
3,0.21161720156924863
4,0.21161720156924863
5,0.21161720156924863
6,0.21161720156924863
7,0.21161720156924863
8,0.21161720156924863
