pressure,raoult,virial
20.0,0.885297,0.542460
26.7,0.686682,0.431761
33.3,1.223310,0.807278
40.0,1.092295,0.709703
46.7,1.364890,1.022344
53.3,1.105503,0.775619
60.0,1.055704,0.743003
66.7,0.992324,0.700000
73.3,0.964076,0.645757
80.0,0.749890,0.526722
86.7,0.676045,0.400844
93.6,1.138030,0.764130
