pressure,raoult,norrish,virial
20.0,0.515125,0.515125,0.302022
26.7,0.692005,0.692005,0.463540
33.3,0.619553,0.619553,0.403745
40.0,0.528986,0.528986,0.326064
46.7,0.582895,0.582895,0.371992
53.3,0.577422,0.577422,0.377419
60.0,0.498270,0.498270,0.304228
66.7,0.414674,0.414674,0.237701
73.3,0.463262,0.463262,0.284286
80.0,0.457862,0.457862,0.306441
86.7,0.426035,0.426035,0.270225
93.6,0.540776,0.540776,0.332251
