aw,d_glucose
0.000000161,0.011351990
0.000000146,0.024687538
0.000000148,0.039058082
0.000000134,0.060805772
0.000000112,0.088295955
0.000000080,0.132817240
