aw,d_fructose
0.000000156,0.011351990
0.000000146,0.025438525
0.000000134,0.042228849
0.000000125,0.064723415
0.000000103,0.095642821
0.000000077,0.135743704
