aw,d_fructose
0.000000356,0.011351990
0.000000334,0.025438525
0.000000318,0.042610705
0.000000289,0.064723415
0.000000249,0.095297147
0.000000191,0.135251094
