aw,d_glucose
0.000000392,0.011230637
0.000000362,0.024837074
0.000000356,0.038693651
0.000000340,0.060328308
0.000000275,0.088295955
0.000000201,0.132336228
